TITLE,PRICE,STOCK AVAILABILTY,URL
A Light in the ...,£51.77,In stock,https://books.toscrape.com/catalogue/a-light-in-the-attic_1000/index.html
Tipping the Velvet,£53.74,In stock,https://books.toscrape.com/catalogue/tipping-the-velvet_999/index.html
Soumission,£50.10,In stock,https://books.toscrape.com/catalogue/soumission_998/index.html
Sharp Objects,£47.82,In stock,https://books.toscrape.com/catalogue/sharp-objects_997/index.html
Sapiens: A Brief History ...,£54.23,In stock,https://books.toscrape.com/catalogue/sapiens-a-brief-history-of-humankind_996/index.html
The Requiem Red,£22.65,In stock,https://books.toscrape.com/catalogue/the-requiem-red_995/index.html
The Dirty Little Secrets ...,£33.34,In stock,https://books.toscrape.com/catalogue/the-dirty-little-secrets-of-getting-your-dream-job_994/index.html
The Coming Woman: A ...,£17.93,In stock,https://books.toscrape.com/catalogue/the-coming-woman-a-novel-based-on-the-life-of-the-infamous-feminist-victoria-woodhull_993/index.html
The Boys in the ...,£22.60,In stock,https://books.toscrape.com/catalogue/the-boys-in-the-boat-nine-americans-and-their-epic-quest-for-gold-at-the-1936-berlin-olympics_992/index.html
The Black Maria,£52.15,In stock,https://books.toscrape.com/catalogue/the-black-maria_991/index.html
Starving Hearts (Triangular Trade ...,£13.99,In stock,https://books.toscrape.com/catalogue/starving-hearts-triangular-trade-trilogy-1_990/index.html
Shakespeare's Sonnets,£20.66,In stock,https://books.toscrape.com/catalogue/shakespeares-sonnets_989/index.html
Set Me Free,£17.46,In stock,https://books.toscrape.com/catalogue/set-me-free_988/index.html
Scott Pilgrim's Precious Little ...,£52.29,In stock,https://books.toscrape.com/catalogue/scott-pilgrims-precious-little-life-scott-pilgrim-1_987/index.html
Rip it Up and ...,£35.02,In stock,https://books.toscrape.com/catalogue/rip-it-up-and-start-again_986/index.html
Our Band Could Be ...,£57.25,In stock,https://books.toscrape.com/catalogue/our-band-could-be-your-life-scenes-from-the-american-indie-underground-1981-1991_985/index.html
Olio,£23.88,In stock,https://books.toscrape.com/catalogue/olio_984/index.html
Mesaerion: The Best Science ...,£37.59,In stock,https://books.toscrape.com/catalogue/mesaerion-the-best-science-fiction-stories-1800-1849_983/index.html
Libertarianism for Beginners,£51.33,In stock,https://books.toscrape.com/catalogue/libertarianism-for-beginners_982/index.html
It's Only the Himalayas,£45.17,In stock,https://books.toscrape.com/catalogue/its-only-the-himalayas_981/index.html
In Her Wake,£12.84,In stock,https://books.toscrape.com/catalogue/a-light-in-the-attic_1000/index.html
How Music Works,£37.32,In stock,https://books.toscrape.com/catalogue/tipping-the-velvet_999/index.html
Foolproof Preserving: A Guide ...,£30.52,In stock,https://books.toscrape.com/catalogue/soumission_998/index.html
Chase Me (Paris Nights ...,£25.27,In stock,https://books.toscrape.com/catalogue/sharp-objects_997/index.html
Black Dust,£34.53,In stock,https://books.toscrape.com/catalogue/sapiens-a-brief-history-of-humankind_996/index.html
Birdsong: A Story in ...,£54.64,In stock,https://books.toscrape.com/catalogue/the-requiem-red_995/index.html
America's Cradle of Quarterbacks: ...,£22.50,In stock,https://books.toscrape.com/catalogue/the-dirty-little-secrets-of-getting-your-dream-job_994/index.html
Aladdin and His Wonderful ...,£53.13,In stock,https://books.toscrape.com/catalogue/the-coming-woman-a-novel-based-on-the-life-of-the-infamous-feminist-victoria-woodhull_993/index.html
Worlds Elsewhere: Journeys Around ...,£40.30,In stock,https://books.toscrape.com/catalogue/the-boys-in-the-boat-nine-americans-and-their-epic-quest-for-gold-at-the-1936-berlin-olympics_992/index.html
Wall and Piece,£44.18,In stock,https://books.toscrape.com/catalogue/the-black-maria_991/index.html
The Four Agreements: A ...,£17.66,In stock,https://books.toscrape.com/catalogue/starving-hearts-triangular-trade-trilogy-1_990/index.html
The Five Love Languages: ...,£31.05,In stock,https://books.toscrape.com/catalogue/shakespeares-sonnets_989/index.html
The Elephant Tree,£23.82,In stock,https://books.toscrape.com/catalogue/set-me-free_988/index.html
The Bear and the ...,£36.89,In stock,https://books.toscrape.com/catalogue/scott-pilgrims-precious-little-life-scott-pilgrim-1_987/index.html
Sophie's World,£15.94,In stock,https://books.toscrape.com/catalogue/rip-it-up-and-start-again_986/index.html
Penny Maybe,£33.29,In stock,https://books.toscrape.com/catalogue/our-band-could-be-your-life-scenes-from-the-american-indie-underground-1981-1991_985/index.html
Maude (1883-1993):She Grew Up ...,£18.02,In stock,https://books.toscrape.com/catalogue/olio_984/index.html
"In a Dark, Dark ...",£19.63,In stock,https://books.toscrape.com/catalogue/mesaerion-the-best-science-fiction-stories-1800-1849_983/index.html
Behind Closed Doors,£52.22,In stock,https://books.toscrape.com/catalogue/libertarianism-for-beginners_982/index.html
You can't bury them ...,£33.63,In stock,https://books.toscrape.com/catalogue/its-only-the-himalayas_981/index.html
Slow States of Collapse: ...,£57.31,In stock,https://books.toscrape.com/catalogue/a-light-in-the-attic_1000/index.html
Reasons to Stay Alive,£26.41,In stock,https://books.toscrape.com/catalogue/tipping-the-velvet_999/index.html
Private Paris (Private #10),£47.61,In stock,https://books.toscrape.com/catalogue/soumission_998/index.html
#HigherSelfie: Wake Up Your ...,£23.11,In stock,https://books.toscrape.com/catalogue/sharp-objects_997/index.html
Without Borders (Wanderlove #1),£45.07,In stock,https://books.toscrape.com/catalogue/sapiens-a-brief-history-of-humankind_996/index.html
When We Collided,£31.77,In stock,https://books.toscrape.com/catalogue/the-requiem-red_995/index.html
"We Love You, Charlie ...",£50.27,In stock,https://books.toscrape.com/catalogue/the-dirty-little-secrets-of-getting-your-dream-job_994/index.html
Untitled Collection: Sabbath Poems ...,£14.27,In stock,https://books.toscrape.com/catalogue/the-coming-woman-a-novel-based-on-the-life-of-the-infamous-feminist-victoria-woodhull_993/index.html
Unseen City: The Majesty ...,£44.18,In stock,https://books.toscrape.com/catalogue/the-boys-in-the-boat-nine-americans-and-their-epic-quest-for-gold-at-the-1936-berlin-olympics_992/index.html
Unicorn Tracks,£18.78,In stock,https://books.toscrape.com/catalogue/the-black-maria_991/index.html
Unbound: How Eight Technologies ...,£25.52,In stock,https://books.toscrape.com/catalogue/starving-hearts-triangular-trade-trilogy-1_990/index.html
Tsubasa: WoRLD CHRoNiCLE 2 ...,£16.28,In stock,https://books.toscrape.com/catalogue/shakespeares-sonnets_989/index.html
Throwing Rocks at the ...,£31.12,In stock,https://books.toscrape.com/catalogue/set-me-free_988/index.html
This One Summer,£19.49,In stock,https://books.toscrape.com/catalogue/scott-pilgrims-precious-little-life-scott-pilgrim-1_987/index.html
Thirst,£17.27,In stock,https://books.toscrape.com/catalogue/rip-it-up-and-start-again_986/index.html
The Torch Is Passed: ...,£19.09,In stock,https://books.toscrape.com/catalogue/our-band-could-be-your-life-scenes-from-the-american-indie-underground-1981-1991_985/index.html
The Secret of Dreadwillow ...,£56.13,In stock,https://books.toscrape.com/catalogue/olio_984/index.html
The Pioneer Woman Cooks: ...,£56.41,In stock,https://books.toscrape.com/catalogue/mesaerion-the-best-science-fiction-stories-1800-1849_983/index.html
The Past Never Ends,£56.50,In stock,https://books.toscrape.com/catalogue/libertarianism-for-beginners_982/index.html
The Natural History of ...,£45.22,In stock,https://books.toscrape.com/catalogue/its-only-the-himalayas_981/index.html
The Nameless City (The ...,£38.16,In stock,https://books.toscrape.com/catalogue/a-light-in-the-attic_1000/index.html
The Murder That Never ...,£54.11,In stock,https://books.toscrape.com/catalogue/tipping-the-velvet_999/index.html
The Most Perfect Thing: ...,£42.96,In stock,https://books.toscrape.com/catalogue/soumission_998/index.html
The Mindfulness and Acceptance ...,£23.89,In stock,https://books.toscrape.com/catalogue/sharp-objects_997/index.html
The Life-Changing Magic of ...,£16.77,In stock,https://books.toscrape.com/catalogue/sapiens-a-brief-history-of-humankind_996/index.html
The Inefficiency Assassin: Time ...,£20.59,In stock,https://books.toscrape.com/catalogue/the-requiem-red_995/index.html
The Gutsy Girl: Escapades ...,£37.13,In stock,https://books.toscrape.com/catalogue/the-dirty-little-secrets-of-getting-your-dream-job_994/index.html
The Electric Pencil: Drawings ...,£56.06,In stock,https://books.toscrape.com/catalogue/the-coming-woman-a-novel-based-on-the-life-of-the-infamous-feminist-victoria-woodhull_993/index.html
The Death of Humanity: ...,£58.11,In stock,https://books.toscrape.com/catalogue/the-boys-in-the-boat-nine-americans-and-their-epic-quest-for-gold-at-the-1936-berlin-olympics_992/index.html
The Bulletproof Diet: Lose ...,£49.05,In stock,https://books.toscrape.com/catalogue/the-black-maria_991/index.html
The Art Forger,£40.76,In stock,https://books.toscrape.com/catalogue/starving-hearts-triangular-trade-trilogy-1_990/index.html
The Age of Genius: ...,£19.73,In stock,https://books.toscrape.com/catalogue/shakespeares-sonnets_989/index.html
The Activist's Tao Te ...,£32.24,In stock,https://books.toscrape.com/catalogue/set-me-free_988/index.html
Spark Joy: An Illustrated ...,£41.83,In stock,https://books.toscrape.com/catalogue/scott-pilgrims-precious-little-life-scott-pilgrim-1_987/index.html
Soul Reader,£39.58,In stock,https://books.toscrape.com/catalogue/rip-it-up-and-start-again_986/index.html
Security,£39.25,In stock,https://books.toscrape.com/catalogue/our-band-could-be-your-life-scenes-from-the-american-indie-underground-1981-1991_985/index.html
"Saga, Volume 6 (Saga ...",£25.02,In stock,https://books.toscrape.com/catalogue/olio_984/index.html
"Saga, Volume 5 (Saga ...",£51.04,In stock,https://books.toscrape.com/catalogue/mesaerion-the-best-science-fiction-stories-1800-1849_983/index.html
Reskilling America: Learning to ...,£19.83,In stock,https://books.toscrape.com/catalogue/libertarianism-for-beginners_982/index.html
"Rat Queens, Vol. 3: ...",£50.40,In stock,https://books.toscrape.com/catalogue/its-only-the-himalayas_981/index.html
"Princess Jellyfish 2-in-1 Omnibus, ...",£13.61,In stock,https://books.toscrape.com/catalogue/a-light-in-the-attic_1000/index.html
Princess Between Worlds (Wide-Awake ...,£13.34,In stock,https://books.toscrape.com/catalogue/tipping-the-velvet_999/index.html
"Pop Gun War, Volume ...",£18.97,In stock,https://books.toscrape.com/catalogue/soumission_998/index.html
"Political Suicide: Missteps, Peccadilloes, ...",£36.28,In stock,https://books.toscrape.com/catalogue/sharp-objects_997/index.html
Patience,£10.16,In stock,https://books.toscrape.com/catalogue/sapiens-a-brief-history-of-humankind_996/index.html
"Outcast, Vol. 1: A ...",£15.44,In stock,https://books.toscrape.com/catalogue/the-requiem-red_995/index.html
orange: The Complete Collection ...,£48.41,In stock,https://books.toscrape.com/catalogue/the-dirty-little-secrets-of-getting-your-dream-job_994/index.html
Online Marketing for Busy ...,£46.35,In stock,https://books.toscrape.com/catalogue/the-coming-woman-a-novel-based-on-the-life-of-the-infamous-feminist-victoria-woodhull_993/index.html
On a Midnight Clear,£14.07,In stock,https://books.toscrape.com/catalogue/the-boys-in-the-boat-nine-americans-and-their-epic-quest-for-gold-at-the-1936-berlin-olympics_992/index.html
Obsidian (Lux #1),£14.86,In stock,https://books.toscrape.com/catalogue/the-black-maria_991/index.html
My Paris Kitchen: Recipes ...,£33.37,In stock,https://books.toscrape.com/catalogue/starving-hearts-triangular-trade-trilogy-1_990/index.html
Masks and Shadows,£56.40,In stock,https://books.toscrape.com/catalogue/shakespeares-sonnets_989/index.html
Mama Tried: Traditional Italian ...,£14.02,In stock,https://books.toscrape.com/catalogue/set-me-free_988/index.html
"Lumberjanes, Vol. 2: Friendship ...",£46.91,In stock,https://books.toscrape.com/catalogue/scott-pilgrims-precious-little-life-scott-pilgrim-1_987/index.html
"Lumberjanes, Vol. 1: Beware ...",£45.61,In stock,https://books.toscrape.com/catalogue/rip-it-up-and-start-again_986/index.html
Lumberjanes Vol. 3: A ...,£19.92,In stock,https://books.toscrape.com/catalogue/our-band-could-be-your-life-scenes-from-the-american-indie-underground-1981-1991_985/index.html
"Layered: Baking, Building, and ...",£40.11,In stock,https://books.toscrape.com/catalogue/olio_984/index.html
Judo: Seven Steps to ...,£53.90,In stock,https://books.toscrape.com/catalogue/mesaerion-the-best-science-fiction-stories-1800-1849_983/index.html
Join,£35.67,In stock,https://books.toscrape.com/catalogue/libertarianism-for-beginners_982/index.html
In the Country We ...,£22.00,In stock,https://books.toscrape.com/catalogue/its-only-the-himalayas_981/index.html
